<application>
  <component name="CodeInsightSettings">
    <EXCLUDED_PACKAGE NAME="demo03Random.Random02" />
    <EXCLUDED_PACKAGE NAME="java.lang.IllegalThreadStateException" />
    <EXCLUDED_PACKAGE NAME="java.util.Scanner" />
  </component>
  <component name="DefaultFont">
    <option name="FONT_SIZE" value="20" />
    <option name="LINE_SPACING" value="1.1" />
    <option name="SECONDARY_FONT_FAMILY" value="DialogInput" />
  </component>
  <component name="EditorSettings">
    <option name="USE_SOFT_WRAPS" value="CONSOLE" />
  </component>
</application>